{
  "vdc_kp": 10200.0,
  "vdc_ki": 61200.00000000001,
  "alpha": 0.5,
  "cost": 58181153.94834191
}