{
  "operating_point": {
    "t_s": 120.0,
    "vdc": 850.0000000000009,
    "id1": 152.9999999999722,
    "iq1": 19.99999999999982
  },
  "switching": {
    "f_sw": 10000.0,
    "dt_emt": 2e-06,
    "t_emt": 0.25,
    "Rf": 0.06,
    "L1": 0.03,
    "L2": 0.015,
    "n_harm": 40
  },
  "thd": {
    "L1": 25.634157375533444,
    "L2": 22.41588287806577
  }
}